{
    "BTC/USDT": {"power1": 0.94, "power2": 0.94, "buyingBollinger": 1.5, "sellingBollinger1": 0, "sellingBollinger2": 1},
    "SOL/USDT": {"power1": 0.99680643945363, "power2": 0.9955492866591223, "buyingBollinger": -1.3159344736146594, "sellingBollinger1": 0.5295543912559407, "sellingBollinger2": -1.7142550656452218},
    "ETH/USDT": {"power1": 0.94, "power2": 0.94, "buyingBollinger": 1.5, "sellingBollinger1": 0, "sellingBollinger2": 1},
    "HNT/USDT": {"power1": 0.9659602999536603, "power2": 0.7704153217400075, "buyingBollinger": 1.2180402227683134, "sellingBollinger1": -0.015862897757590415, "sellingBollinger2": 0.03788899334443034},
    "SUI/USDT": {"power1": 0.9502329502299904, "power2": 0.8755478483917211, "buyingBollinger": -0.9308543836346341, "sellingBollinger1": -2.1428571428571432, "sellingBollinger2": 2.5088399670164945},
    "DOGE/USDT": {"power1": 0.94, "power2": 0.94, "buyingBollinger": 1.5, "sellingBollinger1": 0, "sellingBollinger2": 1},
    "DOT/USDT": {"power1": 0.9999981459062168, "power2": 0.8360199923791525, "buyingBollinger": 0.9330591491607111, "sellingBollinger1": 0.6316793124553313, "sellingBollinger2": -1.7142550656452218},
    "TRX/USDT": {"power1": 0.94, "power2": 0.94, "buyingBollinger": 1.5, "sellingBollinger1": 0, "sellingBollinger2": 1},
    "BNB/USDT": {"power1": 0.986867123055178, "power2": 0.8579163554201543, "buyingBollinger": 1.1549703101369588, "sellingBollinger1": -2.1428367104301476, "sellingBollinger2": -1.7142550656452218},
    "LTC/USDT": {"power1": 0.94, "power2": 0.94, "buyingBollinger": 1.5, "sellingBollinger1": 0, "sellingBollinger2": 1},
    "AVAX/USDT": {"power1": 0.9102836721347681, "power2": 0.9818737514909112, "buyingBollinger": -0.3630299024322767, "sellingBollinger1": -0.3587591818071689, "sellingBollinger2": -0.4285498610096004},
    "ADA/USDT": {"power1": 0.8470131328022689, "power2": 0.9997483010752359, "buyingBollinger": -0.0013438743667682459, "sellingBollinger1": -0.928740596447925, "sellingBollinger2": 0.21430274130821014},
    "XRP/USDT": {"power1": 0.94, "power2": 0.94, "buyingBollinger": 1.5, "sellingBollinger1": 0, "sellingBollinger2": 1},
    "PEPE/USDT": {"power1": 0.7449566958575383, "power2": 0.9357000229825552, "buyingBollinger": 0.2415158891802498, "sellingBollinger1": -1.1409970238095237, "sellingBollinger2": -1.7142857142857144},
    "TAO/USDT": {"power1": 0.9997403822265201, "power2": 0.9961484365869697, "buyingBollinger": -1.7142550656452218, "sellingBollinger1": -2.1428367104301476, "sellingBollinger2": 2.6111236793052},
    "TIA/USDT": {"power1": 0.8934155376974238, "power2": 0.7791860046509573, "buyingBollinger": -0.5706865239027061, "sellingBollinger1": -0.6433474148718074, "sellingBollinger2": -1.7142550656452218},
    "BGB/USDT": {"power1": 0.9991560033098734, "power2": 0.9938723227819957, "buyingBollinger": -1.576430210135457, "sellingBollinger1": -2.1428367104301476, "sellingBollinger2": 2.8954443686853777},
    "APE/USDT": {"power1": 0.9621802784259903, "power2": 0.9479611654671074, "buyingBollinger": 0.6979194887140681, "sellingBollinger1": -2.1428571428571432, "sellingBollinger2": 3.168997561961616},
    "FET/USDT": {"power1": 0.9851058373763419, "power2": 0.9422629329813967, "buyingBollinger": -0.9910714285714282, "sellingBollinger1": -0.6021194220861138, "sellingBollinger2": 0.5286516462053583},
    "RENDER/USDT": {"power1": 0.9997484589669674, "power2": 0.9966828245112608, "buyingBollinger": 0.5714501389903994, "sellingBollinger1": -2.0439891048100645, "sellingBollinger2": 1.9760946519628693}
}